btree,gridDimensions,gridObstacles,maxSimSteps,treeComplexityPenalty,backtrackingPenalty,collisionPenalty,idlePenalty,phototaxisReward,fitness
Handcrafted1,5,5,50,0.0,-11.7,0.0,-29.6,79.2,38.0
Handcrafted2,5,5,50,0.0,-5.3,-16.9,-15.6,100.0,62.4
Random,5,5,50,0.0,-29.2,0.0,-117.6,4.2,-142.7
Exp1,5,5,50,0.0,-5.8,-8.1,-15.8,100.0,70.4
Exp2,5,5,50,0.0,-2.8,0.0,-4.2,100.0,93.2
Exp3,5,5,50,0.0,-14.3,-22.7,-36.2,100.0,27.0
Handcrafted1,5,5,60,0.0,-1.8,0.0,-5.5,100.0,92.9
Handcrafted2,5,5,60,0.0,-7.3,-8.8,-23.5,100.0,60.6
Random,5,5,60,0.0,-29.5,0.0,-118.7,8.4,-139.9
Exp1,5,5,60,0.0,-14.7,-29.4,-46.9,100.0,9.1
Exp2,5,5,60,0.0,-14.9,0.0,-30.1,83.4,38.5
Exp3,5,5,60,0.0,-9.1,-12.7,-22.3,100.0,56.0
Handcrafted1,5,5,80,0.0,0.0,0.0,-4.8,100.0,95.3
Handcrafted2,5,5,80,0.0,-6.4,-15.8,-16.4,100.0,61.6
Random,5,5,80,0.0,-28.9,0.0,-114.0,8.4,-134.6
Exp1,5,5,80,0.0,-18.8,-27.7,-43.3,100.0,10.3
Exp2,5,5,80,0.0,-7.7,0.0,-24.0,83.4,51.8
Exp3,5,5,80,0.0,-6.7,-11.0,-20.6,100.0,61.9
Handcrafted1,5,5,100,0.0,0.0,0.0,-6.5,100.0,93.5
Handcrafted2,5,5,100,0.0,0.0,-18.7,-7.0,100.0,74.4
Random,5,5,100,0.0,-28.5,0.0,-109.7,33.4,-104.7
Exp1,5,5,100,0.0,-1.7,-6.5,-15.0,100.0,77.0
Exp2,5,5,100,0.0,-13.1,0.0,-31.1,100.0,56.0
Exp3,5,5,100,0.0,-10.7,-11.3,-19.8,100.0,58.5
Handcrafted1,5,7,50,0.0,-5.2,0.0,-18.0,100.0,77.0
Handcrafted2,5,7,50,0.0,-11.4,-9.5,-33.6,100.0,45.7
Random,5,7,50,0.0,-28.2,0.0,-109.7,12.5,-125.4
Exp1,5,7,50,0.0,-10.3,-21.3,-35.3,100.0,33.3
Exp2,5,7,50,0.0,-2.6,0.0,-8.7,100.0,88.9
Exp3,5,7,50,0.0,-10.5,-14.0,-23.7,79.2,31.3
Handcrafted1,5,7,60,0.0,-16.8,0.0,-44.9,95.9,34.3
Handcrafted2,5,7,60,0.0,-8.2,-13.8,-25.6,100.0,52.6
Random,5,7,60,0.0,-29.0,0.0,-116.0,16.7,-128.4
Exp1,5,7,60,0.0,-15.8,-26.4,-41.9,79.2,-4.8
Exp2,5,7,60,0.0,-6.2,0.0,-18.0,100.0,76.0
Exp3,5,7,60,0.0,-6.2,-8.3,-16.9,100.0,68.9
Handcrafted1,5,7,80,0.0,-8.2,0.0,-26.2,100.0,65.7
Handcrafted2,5,7,80,0.0,-5.7,-16.4,-15.8,100.0,62.4
Random,5,7,80,0.0,-28.9,0.0,-115.0,25.0,-118.9
Exp1,5,7,80,0.0,-0.9,-6.3,-14.4,100.0,78.7
Exp2,5,7,80,0.0,-14.2,0.0,-32.0,79.2,33.2
Exp3,5,7,80,0.0,-20.2,-34.8,-53.6,70.9,-37.7
Handcrafted1,5,7,100,0.0,-4.7,0.0,-17.9,100.0,77.5
Handcrafted2,5,7,100,0.0,0.0,-23.4,-7.5,100.0,69.2
Random,5,7,100,0.0,-29.0,0.0,-115.2,16.7,-127.6
Exp1,5,7,100,0.0,-9.3,-16.7,-28.1,100.0,46.2
Exp2,5,7,100,0.0,-20.8,0.0,-44.8,79.2,13.8
Exp3,5,7,100,0.0,-14.7,-17.1,-27.9,100.0,40.5
Handcrafted1,5,9,50,0.0,-13.9,0.0,-37.7,87.5,36.1
Handcrafted2,5,9,50,0.0,-2.2,-27.2,-12.2,100.0,58.6
Random,5,9,50,0.0,-28.4,0.0,-113.6,0.0,-142.0
Exp1,5,9,50,0.0,-18.1,-38.9,-60.4,100.0,-17.3
Exp2,5,9,50,0.0,-23.0,0.0,-56.1,79.2,0.2
Exp3,5,9,50,0.0,-9.8,-16.6,-28.5,100.0,45.3
Handcrafted1,5,9,60,0.0,-17.3,0.0,-40.1,87.5,30.3
Handcrafted2,5,9,60,0.0,-16.3,-8.8,-50.2,100.0,24.9
Random,5,9,60,0.0,-29.4,0.0,-117.4,8.4,-138.4
Exp1,5,9,60,0.0,-15.3,-35.7,-56.1,100.0,-7.0
Exp2,5,9,60,0.0,-20.6,0.0,-54.7,79.2,4.0
Exp3,5,9,60,0.0,-6.2,-14.4,-26.4,100.0,53.2
Handcrafted1,5,9,80,0.0,-13.8,0.0,-33.5,100.0,52.9
Handcrafted2,5,9,80,0.0,-10.4,-18.2,-39.8,100.0,31.8
Random,5,9,80,0.0,-29.3,0.0,-117.5,20.9,-126.0
Exp1,5,9,80,0.0,-16.9,-35.4,-55.3,100.0,-7.5
Exp2,5,9,80,0.0,-12.5,0.0,-25.7,100.0,62.0
Exp3,5,9,80,0.0,-7.9,-16.9,-29.9,100.0,45.4
Handcrafted1,5,9,100,0.0,-4.5,0.0,-17.2,100.0,78.5
Handcrafted2,5,9,100,0.0,-9.3,-17.3,-28.4,100.0,45.2
Random,5,9,100,0.0,-29.7,0.0,-119.2,8.4,-140.6
Exp1,5,9,100,0.0,-22.3,-34.0,-52.2,100.0,-8.5
Exp2,5,9,100,0.0,-5.4,0.0,-20.7,100.0,74.0
Exp3,5,9,100,0.0,-5.2,-12.3,-23.0,100.0,59.6
Handcrafted1,7,5,50,0.0,-4.0,0.0,-8.7,77.8,65.2
Handcrafted2,7,5,50,0.0,-5.6,-12.2,-8.6,83.4,57.1
Random,7,5,50,0.0,-28.2,0.0,-112.8,19.5,-121.6
Exp1,7,5,50,0.0,-14.0,-17.1,-26.8,61.2,3.3
Exp2,7,5,50,0.0,-3.5,0.0,-8.6,80.6,68.6
Exp3,7,5,50,0.0,-4.9,-7.6,-13.6,100.0,74.1
Handcrafted1,7,5,60,0.0,-4.9,0.0,-11.3,100.0,84.0
Handcrafted2,7,5,60,0.0,-9.4,-9.8,-20.0,75.0,35.9
Random,7,5,60,0.0,-26.2,0.0,-95.4,30.6,-91.0
Exp1,7,5,60,0.0,-14.2,-17.4,-26.7,30.6,-27.7
Exp2,7,5,60,0.0,-6.6,0.0,-10.4,72.3,55.4
Exp3,7,5,60,0.0,-5.6,-7.2,-12.5,83.4,58.3
Handcrafted1,7,5,80,0.0,-6.5,0.0,-9.1,86.2,70.7
Handcrafted2,7,5,80,0.0,-5.0,-9.9,-14.2,100.0,71.1
Random,7,5,80,0.0,-29.4,0.0,-116.0,5.6,-139.9
Exp1,7,5,80,0.0,-11.5,-10.4,-16.9,58.4,19.7
Exp2,7,5,80,0.0,0.0,0.0,-3.3,100.0,96.8
Exp3,7,5,80,0.0,-3.6,-9.6,-17.4,100.0,69.7
Handcrafted1,7,5,100,0.0,-3.1,0.0,-4.8,100.0,92.3
Handcrafted2,7,5,100,0.0,-0.5,-13.5,-4.0,100.0,82.2
Random,7,5,100,0.0,-28.7,0.0,-112.0,5.6,-135.2
Exp1,7,5,100,0.0,-13.1,-13.7,-21.8,86.2,37.8
Exp2,7,5,100,0.0,-7.8,0.0,-5.8,77.8,64.4
Exp3,7,5,100,0.0,-12.4,-12.6,-20.1,100.0,55.1
Handcrafted1,7,7,50,0.0,-13.0,0.0,-16.4,72.3,43.0
Handcrafted2,7,7,50,0.0,-5.0,-8.8,-13.3,100.0,73.1
Random,7,7,50,0.0,-29.4,0.0,-119.2,2.8,-145.9
Exp1,7,7,50,0.0,-4.0,-5.4,-10.6,80.6,60.9
Exp2,7,7,50,0.0,-16.5,0.0,-23.7,11.2,-28.9
Exp3,7,7,50,0.0,-9.3,-9.1,-15.6,50.0,16.3
Handcrafted1,7,7,60,0.0,-16.0,0.0,-21.0,33.4,-3.7
Handcrafted2,7,7,60,0.0,-4.5,-12.9,-13.1,86.2,55.7
Random,7,7,60,0.0,-29.5,0.0,-119.4,2.8,-146.1
Exp1,7,7,60,0.0,-7.5,-10.3,-17.4,77.8,42.7
Exp2,7,7,60,0.0,-6.5,0.0,-9.4,94.5,78.7
Exp3,7,7,60,0.0,-5.5,-8.1,-14.4,100.0,72.3
Handcrafted1,7,7,80,0.0,-6.3,0.0,-9.3,100.0,84.5
Handcrafted2,7,7,80,0.0,-3.0,-12.6,-8.9,100.0,75.7
Random,7,7,80,0.0,-29.5,0.0,-119.0,5.6,-143.0
Exp1,7,7,80,0.0,-13.8,-12.2,-19.0,63.9,19.1
Exp2,7,7,80,0.0,-9.5,0.0,-20.2,88.9,59.3
Exp3,7,7,80,0.0,-11.7,-19.8,-31.0,80.6,18.3
Handcrafted1,7,7,100,0.0,-15.3,0.0,-19.1,86.2,51.9
Handcrafted2,7,7,100,0.0,-10.4,-7.6,-24.2,100.0,58.0
Random,7,7,100,0.0,-29.7,0.0,-119.7,2.8,-146.6
Exp1,7,7,100,0.0,-12.2,-14.5,-23.1,100.0,50.3
Exp2,7,7,100,0.0,-14.8,0.0,-18.8,52.8,19.3
Exp3,7,7,100,0.0,-11.9,-10.1,-17.0,88.9,50.0
Handcrafted1,7,9,50,0.0,-9.5,0.0,-23.8,77.8,44.6
Handcrafted2,7,9,50,0.0,-4.3,-11.6,-15.7,100.0,68.6
Random,7,9,50,0.0,-28.8,0.0,-113.7,5.6,-136.9
Exp1,7,9,50,0.0,-13.3,-20.3,-32.5,72.3,6.4
Exp2,7,9,50,0.0,-12.3,0.0,-23.6,72.3,36.5
Exp3,7,9,50,0.0,-4.7,-3.3,-7.5,72.3,57.0
Handcrafted1,7,9,60,0.0,-13.2,0.0,-23.0,80.6,44.6
Handcrafted2,7,9,60,0.0,-4.8,-11.8,-11.2,100.0,72.4
Random,7,9,60,0.0,-29.2,0.0,-117.4,0.0,-146.5
Exp1,7,9,60,0.0,-3.6,-4.0,-8.2,100.0,84.4
Exp2,7,9,60,0.0,-18.9,0.0,-31.7,41.7,-8.9
Exp3,7,9,60,0.0,-12.4,-12.1,-19.0,61.2,17.8
Handcrafted1,7,9,80,0.0,-8.7,0.0,-7.8,100.0,83.7
Handcrafted2,7,9,80,0.0,-4.6,-11.3,-7.6,100.0,76.8
Random,7,9,80,0.0,-28.9,0.0,-113.5,8.4,-134.1
Exp1,7,9,80,0.0,-8.7,-9.9,-17.0,88.9,53.6
Exp2,7,9,80,0.0,-1.1,0.0,-3.6,100.0,95.4
Exp3,7,9,80,0.0,-17.4,-14.4,-22.3,47.3,-6.8
Handcrafted1,7,9,100,0.0,-16.8,0.0,-37.2,80.6,26.7
Handcrafted2,7,9,100,0.0,-11.2,-6.0,-28.4,100.0,54.6
Random,7,9,100,0.0,-29.7,0.0,-119.7,2.8,-146.6
Exp1,7,9,100,0.0,-11.6,-16.1,-25.8,100.0,46.7
Exp2,7,9,100,0.0,-14.0,0.0,-25.5,75.0,35.6
Exp3,7,9,100,0.0,-13.9,-17.0,-26.5,100.0,42.8
Handcrafted1,9,5,50,0.0,-1.5,0.0,-4.0,68.8,63.5
Handcrafted2,9,5,50,0.0,-4.4,-7.4,-8.6,83.4,63.2
Random,9,5,50,0.0,-29.2,0.0,-118.4,0.0,-147.6
Exp1,9,5,50,0.0,-6.5,-5.5,-9.5,70.9,49.5
Exp2,9,5,50,0.0,-1.7,0.0,-2.4,87.5,83.4
Exp3,9,5,50,0.0,-6.6,-4.8,-8.4,73.0,53.4
Handcrafted1,9,5,60,0.0,-6.7,0.0,-11.7,70.9,52.6
Handcrafted2,9,5,60,0.0,-2.9,-9.0,-4.9,100.0,83.5
Random,9,5,60,0.0,-28.7,0.0,-114.7,8.4,-135.0
Exp1,9,5,60,0.0,-8.9,-9.4,-14.7,39.6,6.8
Exp2,9,5,60,0.0,-6.8,0.0,-7.9,50.0,35.5
Exp3,9,5,60,0.0,-4.5,-4.2,-7.0,68.8,53.2
Handcrafted1,9,5,80,0.0,-4.9,0.0,-8.2,100.0,87.1
Handcrafted2,9,5,80,0.0,0.0,-7.8,-3.7,100.0,88.7
Random,9,5,80,0.0,-29.3,0.0,-116.5,6.3,-139.5
Exp1,9,5,80,0.0,-12.5,-10.8,-17.4,62.5,22.1
Exp2,9,5,80,0.0,-13.9,0.0,-15.3,43.8,14.7
Exp3,9,5,80,0.0,-7.2,-3.2,-5.2,73.0,57.5
Handcrafted1,9,5,100,0.0,-9.0,0.0,-8.3,66.7,49.5
Handcrafted2,9,5,100,0.0,-3.1,-9.4,-5.7,100.0,82.1
Random,9,5,100,0.0,-29.7,0.0,-119.7,2.1,-147.3
Exp1,9,5,100,0.0,-7.1,-3.3,-6.0,75.0,58.9
Exp2,9,5,100,0.0,-8.2,0.0,-9.7,58.4,40.6
Exp3,9,5,100,0.0,-6.5,-4.2,-7.6,100.0,81.8
Handcrafted1,9,7,50,0.0,-3.8,0.0,-9.5,64.6,51.4
Handcrafted2,9,7,50,0.0,-4.2,-8.5,-11.7,81.3,57.1
Random,9,7,50,0.0,-29.4,0.0,-119.2,2.1,-146.6
Exp1,9,7,50,0.0,-2.4,-2.7,-5.8,81.3,70.4
Exp2,9,7,50,0.0,-5.6,0.0,-11.5,56.3,39.3
Exp3,9,7,50,0.0,-4.1,-4.9,-8.8,83.4,65.8
Handcrafted1,9,7,60,0.0,-9.2,0.0,-15.7,54.2,29.4
Handcrafted2,9,7,60,0.0,-0.5,-13.6,-3.2,100.0,82.9
Random,9,7,60,0.0,-29.5,0.0,-119.4,2.1,-146.8
Exp1,9,7,60,0.0,-3.2,-3.2,-5.8,70.9,58.9
Exp2,9,7,60,0.0,-1.7,0.0,-3.5,87.5,82.4
Exp3,9,7,60,0.0,-5.0,-3.2,-6.0,73.0,58.9
Handcrafted1,9,7,80,0.0,-10.6,0.0,-18.1,81.3,52.6
Handcrafted2,9,7,80,0.0,-8.9,-6.9,-19.1,100.0,65.3
Random,9,7,80,0.0,-29.4,0.0,-118.0,0.0,-147.4
Exp1,9,7,80,0.0,-2.7,-1.8,-4.7,100.0,90.9
Exp2,9,7,80,0.0,-7.3,0.0,-7.9,35.5,20.3
Exp3,9,7,80,0.0,-6.8,-9.3,-14.9,85.5,54.6
Handcrafted1,9,7,100,0.0,-6.5,0.0,-14.6,100.0,79.0
Handcrafted2,9,7,100,0.0,-12.1,-6.2,-21.3,100.0,60.5
Random,9,7,100,0.0,-29.7,0.0,-119.7,2.1,-147.3
Exp1,9,7,100,0.0,-11.0,-7.8,-12.7,48.0,16.6
Exp2,9,7,100,0.0,-10.2,0.0,-6.2,87.5,71.3
Exp3,9,7,100,0.0,-11.9,-7.8,-12.5,85.5,53.4
Handcrafted1,9,9,50,0.0,-1.5,0.0,-4.1,89.6,84.2
Handcrafted2,9,9,50,0.0,-3.9,-7.2,-8.8,91.7,72.0
Random,9,9,50,0.0,-27.5,0.0,-106.4,23.0,-110.9
Exp1,9,9,50,0.0,-9.0,-9.1,-14.8,39.6,6.8
Exp2,9,9,50,0.0,-2.8,0.0,-2.8,70.9,65.4
Exp3,9,9,50,0.0,-9.8,-12.3,-19.6,35.5,-6.3
Handcrafted1,9,9,60,0.0,-6.0,0.0,-8.2,85.5,71.4
Handcrafted2,9,9,60,0.0,-3.3,-8.1,-5.4,100.0,83.3
Random,9,9,60,0.0,-27.9,0.0,-108.0,4.2,-131.7
Exp1,9,9,60,0.0,-5.4,-8.4,-14.1,85.5,57.7
Exp2,9,9,60,0.0,-6.9,0.0,-10.2,56.3,39.3
Exp3,9,9,60,0.0,-9.1,-14.0,-22.0,66.7,21.8
Handcrafted1,9,9,80,0.0,-6.3,0.0,-10.2,68.8,52.4
Handcrafted2,9,9,80,0.0,0.0,-13.7,-3.1,100.0,83.3
Random,9,9,80,0.0,-29.2,0.0,-116.5,2.1,-143.6
Exp1,9,9,80,0.0,-8.1,-9.6,-16.0,100.0,66.6
Exp2,9,9,80,0.0,-15.3,0.0,-30.5,58.4,12.7
Exp3,9,9,80,0.0,-5.9,-6.8,-11.4,100.0,76.1
Handcrafted1,9,9,100,0.0,-10.8,0.0,-14.4,66.7,41.6
Handcrafted2,9,9,100,0.0,-2.9,-11.1,-5.3,100.0,80.8
Random,9,9,100,0.0,-29.7,0.0,-118.8,6.3,-142.3
Exp1,9,9,100,0.0,-11.1,-9.7,-15.2,60.5,24.6
Exp2,9,9,100,0.0,-10.6,0.0,-10.6,56.3,35.2
Exp3,9,9,100,0.0,-10.6,-8.6,-13.6,75.0,42.4
